date,portfolio_nav,benchmark_nav,drawdown
2023-01-03,1.0,1.0,0.0
2023-01-04,1.01510225830875,1.001298644846484,0.0
2023-01-05,1.0161174769042873,1.0207513106693358,0.0
2023-01-06,1.0378291940031752,1.0239178023914717,0.0
2023-01-09,1.0618994027254964,1.032207884001102,0.0
2023-01-10,1.056584404437588,1.0333277690598446,-0.5005180598338014
2023-01-11,1.0468858167563198,1.0314133674768815,-1.4138425853374106
2023-01-12,1.0519171195170993,1.0334293663492802,-0.9400403826178211
2023-01-13,1.048121135637888,1.0479636945301305,-1.2975115206058985
2023-01-16,1.0550349322465231,1.0643188004626662,-0.6464332178127987
2023-01-17,1.0422774960452976,1.0641330960500774,-1.8478121966955394
2023-01-18,1.0560858286907748,1.0623511567558725,-0.5474693760821736
2023-01-19,1.0357202024003436,1.068959867527423,-2.4653183020878155
2023-01-20,1.0670697211296405,1.0755235668416283,0.0
2023-01-30,1.1119682793592305,1.0806209214796991,0.0
2023-01-31,1.1098057781896284,1.0691784946059557,-0.19447507718908807
2023-02-01,1.1338739269501703,1.0792289100102652,0.0
2023-02-02,1.1490144028742726,1.0754263420937633,0.0
2023-02-03,1.1373625106342005,1.0652622406086165,-1.014077126529031
2023-02-06,1.143054715113808,1.0511790558345266,-0.5186782468136518
2023-02-07,1.1627847941975156,1.0530710802929808,0.0
2023-02-08,1.1611294974326156,1.0484174100201678,-0.14235624452264498
2023-02-09,1.1720634745791483,1.0624908208778057,0.0
2023-02-10,1.170648728972246,1.0561771280581107,-0.12070554518476374
2023-02-13,1.1778910872908732,1.0657617391809817,0.0
2023-02-14,1.1734703335572259,1.0662031086712902,-0.37531090788835264
2023-02-15,1.1750127328096678,1.0606471515849565,-0.24436507859360718
2023-02-16,1.1363664912712033,1.0528792028805274,-3.525334087990743
2023-02-17,1.1306166136354687,1.037708798505311,-4.013484282671233
2023-02-20,1.138268752308164,1.0631680504046015,-3.3638368954671165
2023-02-21,1.1534934535606702,1.0659623616765765,-2.0712979318246707
2023-02-22,1.1596295254919475,1.056341998596157,-1.5503608097525319
2023-02-23,1.153969997334873,1.0554919250731565,-2.0308405602268653
2023-02-24,1.145818940736047,1.0445348503137555,-2.722844828429042
2023-02-27,1.1564338733985313,1.0401103526609101,-1.82166366006666
2023-02-28,1.1798071484668033,1.0466987439745734,0.0
2023-03-01,1.1873853117371227,1.061483850274917,0.0
2023-03-02,1.191890959132264,1.0591165048269002,0.0
2023-03-03,1.185437084225075,1.062412115129534,-0.541481991933859
2023-03-06,1.192245202022976,1.0568715905428614,0.0
2023-03-07,1.1683480374961737,1.041398451965959,-2.0043833673017972
2023-03-08,1.1759590219682887,1.0376061723825645,-1.3660092762003273
2023-03-09,1.167595598125867,1.0339391532547528,-2.0674944931868033
2023-03-10,1.1477917391609784,1.0203801590524857,-3.7285503675393112
2023-03-13,1.146533004853552,1.0310674222761447,-3.8341271654404983
2023-03-14,1.124635124079983,1.0248969944949702,-5.670819880698499
2023-03-15,1.1400375634099702,1.0254643960658443,-4.378934679243909
2023-03-16,1.127788950133883,1.0131824412105355,-5.406291573220426
2023-03-17,1.131479772963162,1.0182412145994533,-5.096722465874334
2023-03-20,1.1213363134765655,1.0131634077942868,-5.947508820005629
2023-03-21,1.1418462427582776,1.0243007855913953,-4.227231040995797
2023-03-22,1.1527624128600198,1.0286900457033479,-3.3116333029449456
2023-03-23,1.1463404555852155,1.0388875842710936,-3.850277305362207
2023-03-24,1.1556389334771031,1.0357897671724496,-3.070364089849979
2023-03-27,1.1500185416725577,1.0320424990464,-3.541776496879076
2023-03-28,1.1358755504069304,1.028708564702941,-4.728025033810046
2023-03-29,1.119828754404438,1.030413598707168,-6.073955885556357
2023-03-30,1.1261643245981046,1.038742518774279,-5.542557630992915
2023-03-31,1.117863121835602,1.0419319020375786,-6.238824032268186
2023-04-03,1.1453640368206415,1.052128154563686,-3.932174784414102
2023-04-04,1.1149000212860474,1.0553527753678786,-6.487355168692724
2023-04-06,1.0956506266607098,1.0536899235293922,-8.101905144878465
2023-04-07,1.1035999377155348,1.0605419533789329,-7.435153788585583
2023-04-10,1.0807228710544208,1.0557918299832378,-9.353976076341212
2023-04-11,1.0810064965397996,1.0545922103429128,-9.330186885586022
2023-04-12,1.076214447671082,1.053856594525732,-9.732121727562035
2023-04-13,1.07527042356199,1.0465752839772844,-9.811302093101784
2023-04-14,1.0748407332230039,1.0524962196806038,-9.847342526584518
2023-04-17,1.0806247821162083,1.0672561195648345,-9.362203321713732
2023-04-18,1.0593222379774956,1.0705092904934002,-11.14896196016889
2023-04-19,1.0535267154052537,1.0608709228300428,-11.635063524042513
2023-04-20,1.0607645414594904,1.0579027387285524,-11.027988230977316
2023-04-21,1.0283257859671109,1.0372098143496011,-13.748800647528721
2023-04-24,1.0495696367811453,1.024368945798232,-11.9669649330307
2023-04-25,1.0336985476945864,1.0192306950360595,-13.298158303289542
2023-04-26,1.0036714425857742,1.0183474416387874,-15.816692666679119
2023-04-27,1.0055462213709068,1.0258545810989432,-15.659444914123565
2023-04-28,1.0286964176364954,1.036314472160928,-13.717713781441471
2023-05-04,1.0314283152720285,1.036613091029371,-13.488574873530778
2023-05-05,1.0240156207942877,1.0331742156882162,-14.11031731922594
2023-05-08,1.0177125755320922,1.0449504989712952,-14.638987533331276
2023-05-09,1.0036653813406067,1.036002992876101,-15.81720105582233
2023-05-10,1.009262027136293,1.0280282486762131,-15.347780353923918
2023-05-11,1.0269676694149283,1.026432013794597,-13.862713167359217
2023-05-12,1.0199504726536615,1.0128251788433804,-14.451283098222452
2023-05-15,1.0304737488709037,1.0285470378731547,-13.568639477649555
2023-05-16,1.036251941184376,1.0232274552399638,-13.08399149553413
2023-05-17,1.053831526586603,1.018587417008518,-11.609497375331486
2023-05-18,1.069229977150267,1.017534148906646,-10.317946733103176
2023-05-19,1.071668503037364,1.0145685368884325,-10.113414487306798
2023-05-22,1.0693510821227918,1.0209442169151,-10.307789009480597
2023-05-23,1.0810631327424183,1.0065045413988378,-9.325436503489911
2023-05-24,1.0691698997634893,0.9925911141210202,-10.322985745772353
2023-05-25,1.0592046032422622,0.9903806657528913,-11.158828616376338
2023-05-26,1.0642969093468155,0.9904966667086774,-10.731709589525751
2023-05-29,1.0551111293721755,0.9861218102630753,-11.502170226234856
2023-05-30,1.05282211297132,0.9871020311998846,-11.694162309488503
2023-05-31,1.0538708849447453,0.9770168926713375,-11.606196178725652
2023-06-01,1.0502080060390322,0.9791581519993189,-11.913421479318018
2023-06-02,1.0563049245064458,0.9932958649388783,-11.40204022510383
2023-06-05,1.0864709699722532,0.9887728564965294,-8.871852188731582
2023-06-06,1.0558341148911405,0.9794912367836717,-11.441529552845001
2023-06-07,1.060266962665607,0.9746503188483034,-11.069722833309049
2023-06-08,1.058629537145127,0.9825839097157617,-11.207062494454382
2023-06-09,1.0534790414044646,0.9868319624558148,-11.639062198200161
2023-06-12,1.0697862156462754,0.9888199256204958,-10.271292026918182
2023-06-13,1.0667343212913916,0.9940862661298558,-10.52727077606353
2023-06-14,1.0644227271400728,0.9938594083848372,-10.721156576349957
2023-06-15,1.0581450986096865,1.0096710331209735,-11.247694952829436
2023-06-16,1.0621807006591943,1.0194068827405238,-10.909207362972897
2023-06-19,1.0571600637155316,1.0110622729654242,-11.330315112884056
2023-06-20,1.062836301156043,1.0093466934197621,-10.854218632824402
2023-06-21,1.0586179921232652,0.993861208843131,-11.208030837362557
2023-06-26,1.0146706768102125,0.9798855371500135,-14.894127895122477
2023-06-27,1.052509122225832,0.989077391156509,-11.720414522116986
2023-06-28,1.0613204066420043,0.9878854877660145,-10.981364836597471
2023-06-29,1.0757343527871865,0.9830101039147365,-9.772389860583734
2023-06-30,1.085626034431577,0.9883106531316787,-8.942721464551914
2023-07-03,1.0821935584597977,1.0012816690968567,-9.230621635251286
2023-07-04,1.0890702784813695,1.0028586133538964,-8.65383424202852
2023-07-05,1.0787075252511023,0.9950888641911737,-9.5230139386785
2023-07-06,1.0769196206335077,0.9883885872549674,-9.672975088831247
2023-07-07,1.0733960705696612,0.984001642017964,-9.968514132131043
2023-07-10,1.0733457960905106,0.9887929187460889,-9.972730922357192
2023-07-11,1.078592555592019,0.9952640230623275,-9.532657060654428
2023-07-12,1.0630583768002106,0.9885640033344487,-10.835591957389624
2023-07-13,1.0615824563851293,1.0027068604405618,-10.959385319072025
2023-07-14,1.0602096176012192,1.002881762103388,-11.074532671443889
2023-07-17,1.0605201380869393,0.9946696146170465,-11.048487652751994
2023-07-18,1.0585835884440358,0.991522413519487,-11.210916458472301
2023-07-19,1.0570092090443277,0.9904748040008241,-11.342968103304814
2023-07-20,1.055418444856773,0.9834861965292824,-11.476394028177952
2023-07-21,1.0634936059480538,0.9830270796643636,-10.799086954299268
2023-07-24,1.089779884590014,0.978734529883621,-8.594315771546073
2023-07-25,1.1157513436533477,1.0070001818462877,-6.415950195466088
2023-07-26,1.130078344581428,1.0049162799753801,-5.214267781163183
2023-07-27,1.1066091815818047,1.003715888710072,-7.182752364686887
2023-07-28,1.1117331959202124,1.0269654638662167,-6.752973798187865
2023-07-31,1.1139125877404732,1.032596268575907,-6.5701765165076464
2023-08-01,1.0974999770986689,1.0283191512948253,-7.94679020419167
2023-08-02,1.0977802875143454,1.0210900540368977,-7.92327906611362
2023-08-03,1.0986671919759707,1.030115237047053,-7.848889631782457
2023-08-04,1.0929558375101223,1.034126400917308,-8.327931565116101
2023-08-07,1.0801613170956623,1.0263005803391498,-9.401076618897864
2023-08-08,1.077390293979958,1.0236202123563396,-9.63349719068985
2023-08-09,1.0680601187446757,1.0204907586333904,-10.416069032409245
2023-08-10,1.0750350951525944,1.0225875209206825,-9.831040349040777
2023-08-11,1.0560453238819032,0.9990624756455865,-11.42381432191731
2023-08-14,1.0607353141405453,0.9917711339723588,-11.030439682985298
2023-08-15,1.0550026717447945,0.9893610919419461,-11.511267149183011
2023-08-16,1.0397697407729527,0.9821073026845605,-12.788934775439326
2023-08-17,1.0582589769371396,0.9853910814041209,-11.238143366690965
2023-08-18,1.034125027702262,0.9732773407951184,-13.26238713751324
2023-08-21,1.0265954074289458,0.9592726045609724,-13.893936776844148
2023-08-22,1.0203523341789729,0.9666472817323701,-14.417576816609449
2023-08-23,0.9898818803135151,0.9508050492052391,-16.973297218231206
2023-08-24,0.9914529132004992,0.9576969463455712,-16.841526263370714
2023-08-25,0.9659672575770613,0.9540247830512059,-18.979144899217975
2023-08-28,0.9859209264416153,0.96520485743071,-17.30552366503753
2023-08-29,1.0197254781963145,0.9748470832189828,-14.470154590174372
2023-08-30,1.014446613275239,0.9744363215196692,-14.912921305621705
2023-08-31,1.0029823474417565,0.9684582855676035,-15.874490772542615
2023-09-01,1.0147586083774682,0.9752030595444995,-14.886752602933715
2023-09-04,1.0392500822960589,0.9899825072616342,-12.83252131921506
2023-09-05,1.0268379958303955,0.9826173467983608,-13.873589586430798
2023-09-06,1.0289880429389406,0.9804853469701759,-13.693253603119897
2023-09-07,1.0101864226777362,0.9667110693976361,-15.270246341635623
2023-09-08,1.01289978615388,0.9619573450853534,-15.042661993085524
2023-09-11,1.0214915535870044,0.9690418912631218,-14.322024374368663
2023-09-12,1.013522877589494,0.9672589231356061,-14.990399972273297
2023-09-13,1.001758143920406,0.9610977548542284,-15.977171288201086
2023-09-14,0.9934925721815815,0.960289349080313,-16.670449124404545
2023-09-15,0.9886605123815385,0.9539283299283238,-17.075739897799487
2023-09-18,1.0081700174140957,0.9587983124047204,-15.439373066592793
2023-09-19,1.0006122400240853,0.9569440975704359,-16.073284394328606
2023-09-20,0.9857959713239978,0.9531343278207588,-17.316004320980245
2023-09-21,0.9783492609412372,0.9445834369668554,-17.940599863082248
2023-09-22,0.9960783577918682,0.9616847042580067,-16.453565415759787
2023-09-25,0.9819133597505071,0.955427082853747,-17.641659779010414
2023-09-26,0.9747583681775207,0.9498428328513678,-18.241787299829618
2023-09-27,0.978036423100099,0.9517981305584328,-17.966839250802778
2023-09-28,1.0115007545883878,0.9489744975371016,-15.160006274540235
2023-10-09,0.9949656974765801,0.9477424696474883,-16.54689020443581
2023-10-10,1.0019488159631758,0.9406432625950417,-15.961178601256634
2023-10-11,0.9970907068697017,0.9433238877861796,-16.36865426861356
2023-10-12,0.9902847323574434,0.9522834826727752,-16.939507856508907
2023-10-13,0.978208152764984,0.9422595597262171,-17.952435362693723
2023-10-16,0.9866636555213808,0.9327909495591321,-17.243226993303793
2023-10-17,0.9909693144815148,0.9360845021951445,-16.88208828183502
2023-10-18,0.9778634352949381,0.928670472149611,-17.981348665885125
2023-10-19,0.9604355266929926,0.908857200251344,-19.443120839291588
2023-10-20,0.9375272789451392,0.9029527258809964,-21.364558452039635
2023-10-23,0.9225858167503237,0.8936044892112681,-22.617779028600825
2023-10-24,0.969626612223207,0.896918875721823,-18.672215197178776
2023-10-25,0.9930141564173492,0.9013757816239568,-16.710576420653712
2023-10-26,0.993565379128343,0.903867358694246,-16.66434241526133
2023-10-27,1.047734991173189,0.916275088421793,-12.120846500752117
2023-10-30,1.037284716555619,0.9217760029260019,-12.99736708559811
2023-10-31,1.04156738490201,0.9188782939062975,-12.638156720219893
2023-11-01,1.1300283639497182,0.9184978827896507,-5.218459924828344
2023-11-02,1.1702529113995732,0.9141670089680828,-1.844611375754471
2023-11-03,1.1765841097177283,0.9218696267572795,-1.31357981383982
2023-11-06,1.18083206220502,0.9343370288168494,-0.9572812537714916
2023-11-07,1.1888439189986497,0.9310321590144188,-0.2852838508852844
2023-11-08,1.1838168429630953,0.9287977902718152,-0.706931681971086
2023-11-09,1.1752043059710546,0.9292489336785755,-1.4293113549969962
2023-11-10,1.1772891704260082,0.9224748379523234,-1.2544425904663408
2023-11-13,1.1927954774196414,0.9206550890339488,0.0
2023-11-14,1.193255309435299,0.921335147852349,0.0
2023-11-15,1.1945759572947916,0.9278134540017628,0.0
2023-11-16,1.1933365845747417,0.9188417703237661,-0.10375001375857078
2023-11-17,1.1938079589720032,0.9177370605563571,-0.06429045537862572
2023-11-20,1.2196849804266905,0.9198600580930729,0.0
2023-11-21,1.2007747243786127,0.9210802543996128,-1.5504213261249091
2023-11-22,1.1983096660910055,0.9116533119816128,-1.7525274705118603
2023-11-23,1.2030427884742723,0.9160526032183449,-1.364466417106832
2023-11-24,1.1995498496915213,0.9100053782261319,-1.6508468217855023
2023-11-27,1.2107435250793446,0.9033007287483549,-0.733095470620444
2023-11-28,1.1942800617300662,0.9049934167528529,-2.082908218459552
2023-11-29,1.2096703430981781,0.8972216099235087,-0.8210839265241169
2023-11-30,1.2194880198924645,0.8992525268789133,-0.016148475826693917
2023-12-01,1.2276467170848815,0.8958259975374875,0.0
2023-12-04,1.248136867105764,0.8899763085409369,0.0
2023-12-05,1.2256589589949856,0.8730311667046907,-1.8009169269153327
2023-12-06,1.236234982322847,0.8744049163828588,-0.9535720878524901
2023-12-07,1.2280877575272025,0.8722659719298265,-1.6063230008622629
2023-12-08,1.1988752342169342,0.8743699360502936,-3.9468133813769866
2023-12-11,1.2078056449960284,0.8795123021457091,-3.231314062796452
2023-12-12,1.2121882504504207,0.8814022689375418,-2.8801822622788635
2023-12-13,1.2146701514318163,0.8666904670105885,-2.681333798876704
2023-12-14,1.2129821625660304,0.8621530549018892,-2.816574485236694
2023-12-15,1.2223460355050502,0.8594750017940281,-2.0663464304614902
2023-12-18,1.2115854951947056,0.856340661112853,-2.9284746628641267
2023-12-19,1.2093116434684799,0.8575431100447826,-3.110654340922868
2023-12-20,1.2020117266460673,0.8481449749594833,-3.6955194318275195
2023-12-21,1.2135917782244667,0.8567275024376919,-2.767732433174734
2023-12-22,1.18588122849198,0.8583628329851162,-4.987885564036355
2023-12-25,1.1787356347871893,0.8609922737190446,-5.560386376496141
2023-12-26,1.1727810488329695,0.8551636758053643,-6.037464340552085
2023-12-27,1.1824696348347805,0.8581388045317021,-5.261220464006933
2023-12-28,1.1841975573569596,0.878248123215135,-5.1227803163181695
2023-12-29,1.1845040041895167,0.8825100652048832,-5.098227974292755
2024-01-02,1.2039714101880103,0.870997934874337,-3.538510726004472
2024-01-03,1.197081440471165,0.8689261217948306,-4.090531093195627
2024-01-04,1.2019159144726779,0.8608896475962983,-3.703195847444628
2024-01-05,1.1639929947399155,0.8562750729892932,-6.741558124227604
2024-01-08,1.1505744153318214,0.8452009684407954,-7.816646903490226
2024-01-09,1.1618061393852381,0.8468581616960729,-6.916767703586342
2024-01-10,1.1436946894281985,0.8429048696995473,-8.367846542322773
2024-01-11,1.1591124661754215,0.8476742837198189,-7.132583234783879
2024-01-12,1.1683621518698064,0.8447151019097976,-6.391503795648852
2024-01-15,1.1612316429559197,0.8438799464698029,-6.962796023433232
2024-01-16,1.1354924622436369,0.8490127958570941,-9.025004214748664
2024-01-17,1.1170529162792993,0.8305467811792436,-10.50236991480174
2024-01-18,1.0786273058108513,0.8422875697131021,-13.581007481012808
2024-01-19,1.0640054719343726,0.841013616866076,-14.752500308589042
2024-01-22,1.00042098436955,0.8279284004034055,-19.846852477855954
2024-01-23,0.9924620761687379,0.8312800821214749,-20.484515574793996
2024-01-24,1.026716226818211,0.8428997255329935,-17.740092943572215
2024-01-25,1.0619837310473617,0.8598266055779741,-14.91448101281253
2024-01-26,1.0702908385141325,0.8574865242126918,-14.248920393164
2024-01-29,1.0298338737887678,0.8498060263396761,-17.490308881205234
2024-01-30,0.9972977056460269,0.8346510544641207,-20.09708775299573
2024-01-31,0.9427630053573043,0.8270153108401221,-24.46637622815953
2024-02-01,0.9293987574908604,0.8276220652851322,-25.537111995898965
2024-02-02,0.879312963463899,0.8178268005418866,-29.54995668841275
2024-02-05,0.7996468604198621,0.8231751905077781,-35.93275853840298
2024-02-06,0.7905157098329973,0.85179476112934,-36.66434101365175
2024-02-07,0.7422436807089836,0.8600094806989586,-40.531867916847
2024-02-08,0.8063687922220676,0.8654880180786589,-35.394201271218606
2024-02-19,0.8475231336747341,0.8754877634424145,-32.09693936531104
2024-02-20,0.8690492052431195,0.8773000533192863,-30.37228302867858
2024-02-21,0.8796345342013119,0.8891360089343885,-29.524192627924844
2024-02-22,0.906523567482037,0.8968018459327262,-27.369858917465944
2024-02-23,0.916402065113755,0.8975907038737375,-26.578399431566396
2024-02-26,0.9404590848279297,0.8882326932875572,-24.65096500124152
2024-02-27,0.9819401171074548,0.8988883198869106,-21.327528816257004
2024-02-28,0.9019217908252117,0.8874356046800599,-27.738550587274247
2024-02-29,0.9373490476098527,0.9043658284333004,-24.9001393746649
2024-03-01,0.9458555844580988,0.9099526505189565,-24.218600588940912
2024-03-04,0.9470052202969214,0.9107409940433124,-24.12649243404854
2024-03-05,0.9405429549281952,0.9170798932791208,-24.644245377578777
2024-03-06,0.9573349599087487,0.9133591176108227,-23.298879703100177
2024-03-07,0.9453880105100717,0.907873378397947,-24.256062341762245
2024-03-08,0.9828868090858002,0.9117803728954893,-21.25168040545406
2024-03-11,1.016158137011646,0.9231885910616506,-18.58600095933716
2024-03-12,1.028663166691891,0.925305415598502,-17.584105253039954
2024-03-13,1.02088754723301,0.9188409986987831,-18.20708336255703
2024-03-14,1.0327206245719005,0.9162334206727079,-17.25902408710836
2024-03-15,1.0407325284858249,0.9182319293788239,-16.61711500445281
2024-03-18,1.059958431162223,0.926857410647756,-15.076746861896456
2024-03-19,1.0838683996779792,0.9201962293773579,-13.16109408807849
2024-03-20,1.0930081366996358,0.9221906227502309,-12.42882367266722
2024-03-21,1.1052403881440898,0.9210861701911496,-11.448782800000854
2024-03-22,1.1030806570186602,0.9118040360616364,-11.62181920188502
2024-03-25,1.0610181051496845,0.9068556050452957,-14.991846398222247
2024-03-26,1.061434848281761,0.9114812396103911,-14.958457180816717
2024-03-27,1.0510159136081458,0.9009459865083943,-15.793216168248527
2024-03-28,1.070809091852356,0.9056215194890609,-14.207398237070231
2024-03-29,1.078640120835498,0.909870343854097,-13.579980748690051
2024-04-01,1.0906554792576624,0.9248303518172669,-12.617317218846082
2024-04-02,1.1354615366231575,0.9209796859434878,-9.027481957478198
2024-04-03,1.1255976323518115,0.9176686431411927,-9.817772231830789
2024-04-08,1.0684986320327257,0.9095935876935075,-14.392510934284921
2024-04-09,1.0942195639688985,0.9088422821683383,-12.331764824299746
2024-04-10,1.0610656239180882,0.9014403409142059,-14.98803922212994
2024-04-11,1.0556587939009583,0.9013209962501598,-15.421231299026728
2024-04-12,1.0464622734929665,0.8940147364939264,-16.158051166331592
2024-04-15,0.9870959451562767,0.912851902788627,-20.914446871103223
2024-04-16,0.8788042221444627,0.9030880174613589,-29.59071674709252
2024-04-17,0.968382093690313,0.9170513431547476,-22.41378976843773
2024-04-18,0.9482915864316932,0.918182802588236,-24.023429527353482
2024-04-19,0.9318380692586214,0.9109449602471669,-25.341675755527554
2024-04-22,0.9082993317917656,0.9081781702662545,-27.22758571357875
2024-04-23,0.9178681597720142,0.901830268738977,-26.460936780081802
2024-04-24,0.9327902737956582,0.9057905053603501,-25.265385681727814
2024-04-25,0.9419233834542393,0.9080176722697786,-24.533646246792333
2024-04-26,0.960102597547401,0.9219038354648615,-23.077138184874695
2024-04-29,0.996547819380059,0.9321003451992965,-20.15716820456566
2024-04-30,0.9852937413519255,0.9270801530595316,-21.058838391924997
2024-05-06,1.0016053371261804,0.9408364260491335,-19.751962823696733
2024-05-07,1.0094507358262113,0.9411273286677457,-19.12339404195542
2024-05-08,0.9931460182739013,0.9337235869553195,-20.429718531041154
2024-05-09,1.001676411343478,0.9425556065113833,-19.746268398736564
2024-05-10,0.9838651764923109,0.9429969760016914,-21.173294177765793
2024-05-13,0.9645969084713056,0.9425890435939822,-22.71705660709659
2024-05-14,0.9762686375738485,0.9406224287204992,-21.78192445851998
2024-05-15,0.9730726667987905,0.9326517998538543,-22.03798377855826
2024-05-16,0.9968495523076095,0.9363306505647395,-20.13299353786823
2024-05-17,1.000191866778526,0.9460045129773176,-19.865209246016754
2024-05-20,0.9810887634522946,0.9493461635706072,-21.395738776045658
2024-05-21,0.9757810145345106,0.9455392231125346,-21.820992532878577
2024-05-22,0.9700080107921785,0.9476714801490471,-22.283522235708272
2024-05-23,0.9437682526095269,0.9366992300983128,-24.38583640286347
2024-05-24,0.9422345456122839,0.9263293619510178,-24.508716115630826
2024-05-27,0.9406839434866401,0.9351343746326745,-24.632949456261123
2024-05-28,0.9324225396501312,0.9283090944492128,-25.294848327629754
2024-05-29,0.9377008869141532,0.9294279506746446,-24.871950214199163
2024-05-30,0.92596648271776,0.9244869786998068,-25.81210385484944
2024-05-31,0.9310273550405411,0.920786522489396,-25.40662970724923
2024-06-03,0.9107415798780123,0.9230558715645648,-27.03191421707774
2024-06-04,0.8971883142249752,0.9299806913708406,-28.11779397996504
2024-06-05,0.8730106424817468,0.9246109531137512,-30.054894980698453
2024-06-06,0.8313517405481534,0.9239553290864809,-33.39258197893559
2024-06-07,0.8578932593175446,0.9192918848972157,-31.266090929044815
2024-06-11,0.8578171326378016,0.9112574683653047,-31.272190154358103
2024-06-12,0.8859043989222485,0.9115779499416009,-29.02185471241439
2024-06-13,0.8990156475683625,0.9069502577098839,-27.971389095088544
2024-06-14,0.8897248823557737,0.9109117803728954,-28.715759801334293
2024-06-17,0.8721433590418036,0.9095398311530213,-30.124381225580738
2024-06-18,0.8779604608987706,0.9119552745583155,-29.658318407449592
2024-06-19,0.8857239051976703,0.9076236291117644,-29.036315764670363
2024-06-20,0.8588301728521178,0.9010733046305988,-31.19102596147072
2024-06-21,0.8707095359794323,0.8991025744238726,-30.23925829556875
2024-06-24,0.8388862931041732,0.894264485780109,-32.788918009495184
2024-06-25,0.8364996293810957,0.8894011907202323,-32.98013611914143
2024-06-26,0.8521906990041608,0.8951531405522622,-31.72297674531007
2024-06-27,0.8374684211687262,0.8884279144082704,-32.902517084469615
2024-06-28,0.834947229543007,0.8903670079906911,-33.104513491447435
2024-07-01,0.842122042641095,0.8946176328140212,-32.529671638187764
2024-07-02,0.8647635696679408,0.8929722711418172,-30.715645658861636
2024-07-03,0.8801842800749585,0.8908189230224346,-29.48014730820591
2024-07-04,0.8384246181110706,0.8862917992468426,-32.82590714147821
2024-07-05,0.8496327754866927,0.8824974619968267,-31.92791609009519
2024-07-08,0.8230265762207403,0.8749610007873148,-34.0595893037587
2024-07-09,0.8281134194397718,0.8847480348640745,-33.652034383053
2024-07-10,0.8244571894747605,0.8819586105503255,-33.94496940174926
2024-07-11,0.8513794045064609,0.8920419486205788,-31.787977188697436
2024-07-12,0.8431679591017427,0.8931304542633438,-32.44587341956186
2024-07-15,0.8231667344971015,0.894119677491622,-34.04835990415877
2024-07-16,0.8285440257831638,0.899787520200499,-33.61753445321834
2024-07-17,0.8173613306559913,0.9006365648901887,-34.513485484061896
2024-07-18,0.8149572652291287,0.9056127744059196,-34.706097808096295
2024-07-19,0.8121598952245132,0.9102643870121112,-34.93022146619336
2024-07-22,0.8218393889819956,0.9040679811898407,-34.154706054976664
2024-07-23,0.8010055037335979,0.8847652678220294,-35.82390482615857
2024-07-24,0.7827681456863266,0.8791807606113226,-37.285071347868715
2024-07-25,0.7855846342830001,0.8743210664680332,-37.05941591929344
2024-07-26,0.8012546422933182,0.8768985511197693,-35.80394398962803
2024-07-29,0.8032047468313854,0.8721270794328763,-35.64770274802532
2024-07-30,0.8056910081840971,0.8666331095535147,-35.44850493420888
2024-07-31,0.8575995807644234,0.8853326693929034,-31.289620283946583
2024-08-01,0.867727627788865,0.8794639469801041,-30.47816704581518
2024-08-02,0.8681855720137164,0.8704938065520734,-30.441476820814994
2024-08-05,0.8479067578401837,0.8599300033257037,-32.066203620252956
2024-08-06,0.8910795851025337,0.8598420380776353,-28.60722180502454
2024-08-07,0.8874962323922825,0.8594587976693839,-28.89431794044761
2024-08-08,0.8866184545523487,0.8598312353278724,-28.964644990554646
2024-08-09,0.872440630411776,0.8569222091417499,-30.10056401628207
2024-08-12,0.8913952220845046,0.8554401747576261,-28.58193315357217
2024-08-13,0.8899596702546281,0.8576328757511448,-28.696948731407424
2024-08-14,0.8852460510316503,0.8511638291015277,-29.074601162579327
2024-08-15,0.886706822371861,0.85957814233343,-28.957565012241265
2024-08-16,0.881753158590312,0.8605249261876402,-29.35444967385981
2024-08-19,0.875103662715848,0.8634401253736272,-29.887203416635078
2024-08-20,0.8540657056464503,0.8571989653023394,-31.572752303447587
2024-08-21,0.8465161043759851,0.8543521835315168,-32.17762196713853
2024-08-22,0.8311001966702862,0.8521661699545179,-33.412735528157356
2024-08-23,0.8263898576244761,0.8557812330001371,-33.79012515344201
2024-08-26,0.8598538526859055,0.8550178386835666,-31.10900932845823
2024-08-27,0.8657591553321258,0.8501594305819158,-30.635879914380936
2024-08-28,0.8701577569466508,0.8453141401049771,-30.283466510815295
2024-08-29,0.9153501475020948,0.8430468486964297,-26.66267845892174
2024-08-30,0.9538915399562398,0.8542999702409965,-23.574764507343936
2024-09-02,0.9790409755138109,0.8397880191846547,-21.559806354886767
2024-09-03,0.9434615033332089,0.8419529416787833,-24.410412976507143
2024-09-04,0.9328676422315662,0.8364839210072073,-25.25918696763267
2024-09-05,0.9767722133973797,0.837922487183952,-21.741578256368378
2024-09-06,0.9834123678645627,0.8311291008331235,-21.20957294171243
2024-09-09,0.9828224045814387,0.8212538442999677,-21.256840456892238
2024-09-10,0.9715365252354125,0.8219747992424701,-22.16105854734865
2024-09-11,0.9652370349403426,0.8194991690884975,-22.665770046631366
2024-09-12,0.9675942532884286,0.8159869893739523,-22.47691108330693
2024-09-13,0.9509654721851798,0.812584637615329,-23.809199355650684
2024-09-18,0.9395938979665548,0.8156101791738932,-24.72028326946808
2024-09-19,0.9573884330141929,0.8220470747825497,-23.294595468986643
2024-09-20,0.9444084571047863,0.8233367173375646,-24.334543590982683
2024-09-23,0.9385846988704059,0.8263496556880722,-24.801139714201508
2024-09-24,0.9682625621065472,0.8621389084438665,-22.42336656942135
2024-09-25,0.9750829985414714,0.8749026144969301,-21.87691716834406
2024-09-26,0.9974668276922766,0.9118858283098404,-20.0835377929948
2024-09-27,1.0588162703056059,0.9526186251237494,-15.168256125561234
2024-09-30,1.166400116956148,1.0334257654326926,-6.548700892006409
2024-10-08,1.245330792262255,1.0947033346288058,-0.22482108472734125
2024-10-09,1.1423294183478532,1.0175120289904651,-8.477231267373897
2024-10-10,1.127505373896236,1.0282643659210284,-9.664925088644628
2024-10-11,1.0975628643984012,0.9998117235041343,-12.063901538019667
2024-10-14,1.1216441323848634,1.0188901512102038,-10.134524350219513
2024-10-15,1.0940126074087329,0.9917940255135228,-12.348346063554825
2024-10-16,1.1090602461176193,0.9855165990680314,-11.14273800041191
2024-10-17,1.0944469915174757,0.9743622455212958,-12.31354346135703
2024-10-18,1.1281191030623263,1.0096028729141369,-9.615753464741433
2024-10-21,1.1444099618818175,1.0121654394828672,-8.31053932927028
2024-10-22,1.137936002291073,1.0179729463136773,-8.829229207068433
2024-10-23,1.1535218717420588,1.021942442434847,-7.580498409850094
2024-10-24,1.1900676013635902,1.010528565685477,-4.6524758039418685
2024-10-25,1.225862956347478,1.0176244290296637,-1.7845727776582416
2024-10-28,1.2679727192148378,1.0196141926526385,0.0
2024-10-29,1.2304592437343205,1.009452406042441,-2.9585396367002788
2024-10-30,1.233870900524862,1.0003986729079126,-2.689475741330815
2024-10-31,1.2777229932844898,1.00080789135726,0.0
2024-11-01,1.2314877695586095,1.000545538863021,-3.618563958611164
2024-11-04,1.2551645111248397,1.0146256371371787,-1.7655221263305019
2024-11-05,1.2807516574746582,1.040297857531793,0.0
2024-11-06,1.2873968121816428,1.0350791005630549,0.0
2024-11-07,1.3073255109228632,1.0663072780440026,0.0
2024-11-08,1.2808426792412149,1.0555950656125583,-2.0257259160309395
2024-11-11,1.2953239595586676,1.0625612959595916,-0.9180231903929927
2024-11-12,1.3022076984794362,1.0508871243826037,-0.39147193263399765
2024-11-13,1.300526806689278,1.05735514219891,-0.5200467807582204
2024-11-14,1.2853470561221476,1.0390236474764392,-1.6811769231980047
2024-11-15,1.2597999603173613,1.0208163843762403,-3.6353264897242625
2024-11-18,1.254536967985645,1.0160708907304434,-4.037903528705242
2024-11-19,1.2915296370484604,1.0228894834973852,-1.2082586733316532
2024-11-20,1.3498090724449892,1.0251740078638876,0.0
2024-11-21,1.3758564008946168,1.0260806672189786,0.0
2024-11-22,1.3371634323735588,0.9942899751253826,-2.8122824806352478
2024-11-25,1.3797685126959294,0.9897610508914969,0.0
2024-11-26,1.3511332434494783,0.9877275618528156,-2.075367641960509
2024-11-27,1.3476561209940354,1.004924510641866,-2.3273753101634096
2024-11-28,1.3635931676712663,0.9960523665866835,-1.1723231017250937
2024-11-29,1.408808107284176,1.00737776367133,0.0
2024-12-02,1.4717175240283158,1.015363825037636,0.0
2024-12-03,1.5255842763432503,1.0164592753052484,0.0
2024-12-04,1.5005343155479671,1.0109719928424066,-1.641991280568696
2024-12-05,1.5381590977147552,1.0086650913513957,0.0
2024-12-06,1.5710861241999123,1.0219249522685647,0.0
2024-12-09,1.6057136569638402,1.020235093555671,0.0
2024-12-10,1.6143785814269938,1.027711110808177,0.0
2024-12-11,1.6636812788268593,1.0259605509299496,0.0
2024-12-12,1.6899923631423808,1.0361650341225428,0.0
2024-12-13,1.644323004912209,1.0116469074942533,-2.702341100835146
2024-12-16,1.6411408853710563,1.0061583389897732,-2.8906330488079712
2024-12-17,1.535562663836963,1.0087795490572158,-9.137893322681666
2024-12-18,1.527607520954089,1.013886934820066,-9.608613963577481
2024-12-19,1.5526098104819,1.0148061973832139,-8.129181862397946
2024-12-20,1.5705332702527184,1.0102484658166275,-7.0686173201125895
2024-12-23,1.4709841186510164,1.0117474759503784,-12.959126281738886
2024-12-24,1.4789052866615358,1.0246377285006634,-12.490415997404188
2024-12-25,1.4286871951230613,1.0251369698647006,-15.461914131579107
2024-12-26,1.4435940811729207,1.0256130624792466,-14.579845882339127
2024-12-27,1.487446612739956,1.023954325974003,-11.985009803583385
2024-12-30,1.4779332897633375,1.0285902488722058,-12.547930866666137
2024-12-31,1.436218325745649,1.0120918779011492,-15.016283086916623
2025-01-02,1.4110900549757097,0.9826374090479203,-16.503169733150667
2025-01-03,1.343044331965983,0.9710038763867066,-20.52956207040372
2025-01-06,1.319697482489781,0.9694104707966951,-21.911038696297513
2025-01-07,1.3511365077052935,0.976390075976768,-20.050732939823284
2025-01-08,1.3437297576490201,0.9746176533906874,-20.489004154404466
2025-01-09,1.3385191745463456,0.9722158420267605,-20.79732407444162
2025-01-10,1.2915024033308224,0.9600251961277801,-23.57939411457481
2025-01-13,1.27910158151007,0.9574613435174113,-24.313173869513726
2025-01-14,1.339224691307253,0.9826747042554347,-20.75557733189448
2025-01-15,1.330287318000023,0.9763694993105531,-21.284418378880737
2025-01-16,1.3395445648352282,0.9774904132026063,-20.73664981867303
2025-01-17,1.347653764287213,0.9805663675933969,-20.25681336326405
2025-01-20,1.3639732350058078,0.985024559537169,-19.291159844673576
2025-01-21,1.3595733832113905,0.9857804948122366,-19.55150728116945
2025-01-22,1.345074436442749,0.9766243927632894,-20.409437002324058
2025-01-23,1.3448878609243047,0.9783546331836296,-20.420477023717844
2025-01-24,1.3715959138806317,0.9858445396858303,-18.840111719186766
2025-01-27,1.3698903378121832,0.9817847634416429,-18.941033836093684
2025-02-05,1.392954978042136,0.9761274662742011,-17.576256057626907
2025-02-06,1.4178769593466336,0.9884081350878714,-16.10157594379742
2025-02-07,1.4306715477325969,1.001235628806201,-15.3444962868117
2025-02-10,1.4605036760959522,1.0033856332173239,-13.579273613977524
2025-02-11,1.445044484021787,0.9987746595269065,-14.494022840738541
2025-02-12,1.444762279896322,1.0082211497778106,-14.5107213851592
2025-02-13,1.4318169304177195,1.004434528777625,-15.276721857169134
2025-02-14,1.4154238174372784,1.0131459176280042,-16.246732925737494
2025-02-17,1.4497256657350714,1.0153036382889578,-14.217028588256822
2025-02-18,1.411275502127025,1.0064003720261252,-16.492196479344337
2025-02-19,1.4185418630698396,1.0134419644131702,-16.062232350435277
2025-02-20,1.4310005223709934,1.010544769810121,-15.325030243912853
2025-02-21,1.418026784874656,1.0232889280302806,-16.09271048787644
2025-02-24,1.416057129308181,1.0210442709545695,-16.209258681195646
2025-02-25,1.4234229568268262,1.0097101287867818,-15.773408929487351
2025-02-26,1.4315574543502436,1.0185298023431164,-15.292075540010247
2025-02-27,1.4783906917238425,1.020632480421945,-12.520865539598356
2025-02-28,1.4093471966440356,1.0005529979045238,-16.60629791110488
2025-03-03,1.426500786861334,1.0001478947884193,-15.59128798612493
2025-03-04,1.4524566930224767,0.9993111960984583,-14.055428610235197
2025-03-05,1.4475854838123323,1.003773760583801,-14.343667144111574
2025-03-06,1.4505099863691417,1.0175771026973695,-14.17061887356368
2025-03-07,1.457241893867133,1.01443324530807,-13.772279351752237
2025-03-10,1.4618413873623812,1.0105205922273188,-13.500118743482037
2025-03-11,1.481224811216772,1.013765018072743,-12.35316540350663
2025-03-12,1.4969950064575854,1.0101167751528526,-11.420013539347304
2025-03-13,1.4998573315307495,1.0060906931995919,-11.250644426469075
2025-03-14,1.52296420567677,1.030519825746502,-9.883367588421386
2025-03-17,1.5304097021696836,1.028007157593343,-9.442803674921246
2025-03-18,1.5323936917419647,1.0308197306565834,-9.325407311745257
2025-03-19,1.5347463845250164,1.0314486050177745,-9.186194091948389
2025-03-20,1.5404043535268013,1.0224010448831105,-8.851401513876356
2025-03-21,1.535058429957913,1.0068924115569875,-9.16772978171231
2025-03-24,1.5175537757408248,1.0120759309848328,-10.203512818301895
2025-03-25,1.5235275999655846,1.011419020915924,-9.85003049760951
2025-03-26,1.5630347787729237,1.0080912595723295,-7.512317045823297
2025-03-27,1.543811740031714,1.011449114290263,-8.649780099530023
2025-03-28,1.5118321530753531,1.0070132994709997,-10.54207190236976
2025-03-31,1.4891908731994068,0.9998474754616825,-11.88179865911362
2025-04-01,1.5233043331930212,0.9999447002095477,-9.863241608939521
2025-04-02,1.5243681962240465,0.9990964271448409,-9.80029084926584
2025-04-03,1.532422220832715,0.9932107289824145,-9.323719192238187
2025-04-07,1.3501137470306834,0.9232341169356508,-20.11125159641108
2025-04-08,1.3519183896426223,0.9390056171726684,-20.004467527364554
2025-04-09,1.3942484075347572,0.9482741192608142,-17.499721422274103
2025-04-10,1.429721517525831,0.9607026828629036,-15.400711345973225
2025-04-11,1.450107650016067,0.9646642055259151,-14.194425865941243
2025-04-14,1.4805639120289529,0.9668826273522023,-12.39227204104139
2025-04-15,1.4758356234724808,0.967420964382048,-12.672053693289822
2025-04-16,1.4533127415793687,0.9704007228582842,-14.004774620574539
2025-04-17,1.4490890377642844,0.9702469122783283,-14.254699052613434
2025-04-18,1.4282927517182449,0.9703243319849616,-15.485254083487707
2025-04-21,1.4397273194494953,0.9735029124984985,-14.808649385109726
2025-04-22,1.4295723289418811,0.9732639659620789,-15.409539112725529
2025-04-23,1.4373448512839704,0.9740175863621973,-14.949624469819275
2025-04-24,1.42242874632451,0.9733681353347914,-15.832238219133817
2025-04-25,1.4231301197573067,0.974046393694898,-15.79073664503838
2025-04-28,1.424124447986709,0.9726638989335886,-15.731900389260666
2025-04-29,1.3915281927933736,0.9709812420538703,-17.660681601781995
2025-04-30,1.3936792179000428,0.9698222613293195,-17.533401434511322
2025-05-06,1.4459205858537247,0.9795887187398644,-14.442182261393635
2025-05-07,1.4511442639415366,0.9855263729844834,-14.133087486663474
2025-05-08,1.45636435048959,0.9909969369060256,-13.824205230039121
2025-05-09,1.416968229381075,0.9892636099857532,-16.155347190660862
2025-05-12,1.4493003893660423,1.0006972917763555,-14.242192984162042
2025-05-13,1.4788735584730472,1.002150004411123,-12.492293413490822
2025-05-14,1.5123951062644758,1.0142267070209385,-10.508760912249311
2025-05-15,1.4811895447946861,1.0049641207243296,-12.355252183474107
2025-05-16,1.4480367117199142,1.000305049076635,-14.316967147269999
2025-05-19,1.4391608671382998,0.9972339816440705,-14.842167424809158
2025-05-20,1.4462132769061686,1.0026420439419852,-14.424863185945291
2025-05-21,1.4376876066183133,1.0073258075891374,-14.929342997439981
2025-05-22,1.4382345429759302,1.0066786714366809,-14.89697975311147
2025-05-23,1.4212611576396594,0.9985532031567692,-15.901326619194958
2025-05-26,1.4623597689753793,0.9928516661569655,-13.469445136647847
2025-05-27,1.4630819376017472,0.9875248816905995,-13.426713072165317
2025-05-28,1.4780112420958924,0.9867121033751134,-12.543318281766053
2025-05-29,1.4945525606949854,0.992489774039912,-11.564537610335323
2025-05-30,1.4585592537703838,0.9877396506442169,-13.694328709371742
2025-06-03,1.4815240258488689,0.9907698219526794,-12.335460315683603
2025-06-04,1.512478428419321,0.9950729172748572,-10.50383058494948
2025-06-05,1.5130325089077468,0.9973396942667493,-10.471044609077044
2025-06-06,1.5266914874053499,0.9964209461202568,-9.662817377079053
2025-06-09,1.5319870183347974,0.9993176263066506,-9.349470935702179
2025-06-10,1.5256389056877753,0.9942297883767043,-9.725100600395956
2025-06-11,1.5413157677606044,1.0017299832120126,-8.797471433854666
2025-06-12,1.5411835738878534,1.0011059958090476,-8.805293591849816
2025-06-13,1.4935604561484055,0.9938997900922838,-11.623242286653221
2025-06-16,1.5191956814013936,0.9963723337463242,-10.106358198175933
2025-06-17,1.511158147339591,0.9954937100989506,-10.581954078790304
2025-06-18,1.5114898717534222,0.9966748107396823,-10.562325326550594
2025-06-19,1.4751952270023232,0.9884750092530696,-12.709947146782524
2025-06-20,1.4650935123356363,0.989388870441336,-13.307684443530047
2025-06-23,1.504446761291801,0.9922845217944191,-10.979079308120374
2025-06-24,1.548747813292175,1.004150056367205,-8.357703438823526
2025-06-25,1.550520303585479,1.018561953384077,-8.25282188243541
2025-06-26,1.5591692928880487,1.014949205213407,-7.741045054847404
2025-06-27,1.5676825079118994,1.0087088167671021,-7.237302244553208
2025-06-30,1.580564999098893,1.0123922972278858,-6.475021214889866
2025-07-01,1.5917595322154119,1.014111220481808,-5.812619812335379
2025-07-02,1.6105257633799448,1.0143486237682615,-4.702186914896784
2025-07-03,1.6488497942932483,1.0206201344222163,-2.4344825305974616
2025-07-04,1.5919321719621773,1.0242557741340503,-5.802404396542352
2025-07-07,1.5895518954630279,1.0198760307302221,-5.943249796264957
2025-07-08,1.592218103690376,1.0284354094589392,-5.785485282915884
2025-07-09,1.5846049492736685,1.0266215763321012,-6.235969828452621
2025-07-10,1.5827709594360093,1.0314115670185877,-6.344490427578229
2025-07-11,1.5876879705762692,1.0326417944499073,-6.05354170807531
2025-07-14,1.62091245861697,1.0333776674754154,-4.087586786307314
2025-07-15,1.567841253386459,1.0337367303008642,-7.227908978759726
2025-07-16,1.5793364040899258,1.0306857251178594,-6.547719472927124
2025-07-17,1.5777397793103975,1.037704683172068,-6.642194738872084
2025-07-18,1.5913878556558343,1.043892601119525,-5.83461260755053
2025-07-21,1.5979032505795316,1.0508521440500385,-5.449084538560762
2025-07-22,1.6055879413717982,1.0594302989866762,-4.9943670522652885
2025-07-23,1.6068669211443745,1.0596388949404294,-4.91868743379659
2025-07-24,1.6133633844914097,1.0671668682751276,-4.534279581505726
2025-07-25,1.6156355651169827,1.0615406933153355,-4.399830416223813
2025-07-28,1.60622095116101,1.0637683746414193,-4.956910682460471
2025-07-29,1.6242259950091416,1.0679354067582516,-3.8915186581644
2025-07-30,1.6396433100900694,1.0677329838043634,-2.9792473711947496
2025-07-31,1.5841410567416512,1.0482759454399406,-6.263419214741842
2025-08-01,1.6246167996881247,1.0429615069733036,-3.868394016449662
2025-08-04,1.5706139363146294,1.0470184539258864,-7.063844158785337
2025-08-05,1.6141008864591926,1.0554415122409302,-4.490640214614649
2025-08-06,1.614675466361069,1.0580225978092537,-4.4566412502164905
2025-08-07,1.5909845619240492,1.0583263608442504,-5.8584762498119165
2025-08-08,1.5942764351016576,1.055831697274029,-5.663689974477071
2025-08-11,1.6380003472431097,1.060344160174943,-3.0764645470111365
2025-08-12,1.6539454978063524,1.0658262984712308,-2.132960250128153
2025-08-13,1.6586052676808591,1.074250642827913,-1.857232976080454
2025-08-14,1.6193492770958005,1.07341085763802,-4.180083152282783
2025-08-15,1.625461734978598,1.080880187474006,-3.8183976194894838
2025-08-18,1.61141474415699,1.0904123280980291,-4.649584264350355
2025-08-19,1.629087751864102,1.086286963730282,-3.6038394377731016
2025-08-20,1.6509616634407565,1.0986386220423936,-2.3095192944570724
2025-08-21,1.716937994003776,1.1029275709065487,0.0
2025-08-22,1.7209160656517317,1.1260575441903198,0.0
2025-08-25,1.703205273917389,1.1495211166750987,-1.0291490728593642
2025-08-26,1.7323353490805413,1.1452434849773618,0.0
2025-08-27,1.654300941380762,1.128148390686075,-4.504578616443817
2025-08-28,1.645219133850082,1.1481219033724899,-5.028830894474182
2025-08-29,1.631216012069503,1.1566038623945736,-5.837168713592822
2025-09-01,1.6270166109545519,1.1635361412423524,-6.079581426418891
2025-09-02,1.6507410720507156,1.1549819066801892,-4.710074009234579
2025-09-03,1.6124299085422744,1.1471054160614769,-6.921606754830018
2025-09-04,1.6150681168554197,1.1227681068875504,-6.769314745402075
2025-09-05,1.6415224531742623,1.1472327341836812,-5.242223796592221
2025-09-08,1.6589290422004441,1.1490969801427455,-4.237418980052477
2025-09-09,1.6516696843709977,1.141042501361275,-4.656469358104245
2025-09-10,1.6770133234846722,1.1433848976015066,-3.193494009415206
2025-09-11,1.6651667900905918,1.1697924766049734,-3.8773415912571494
2025-09-12,1.6429594208783695,1.163095543377027,-5.159274054507354
2025-09-15,1.6354993854481767,1.1659397530645728,-5.589908656182619
2025-09-16,1.666767668125167,1.163439945327798,-3.784930036218167
2025-09-17,1.6715080079194065,1.1705610150880978,-3.511291343989473
2025-09-18,1.63235443590993,1.156951093636949,-5.771452578375049
2025-09-19,1.5923295372122825,1.1579313145737582,-8.081911619627725
2025-09-22,1.578523069793045,1.1632524404569153,-8.878897458805197
2025-09-23,1.523580040753234,1.1625245408895655,-12.050513685938855
2025-09-24,1.5392294670719229,1.1744314860031086,-11.147142042163592
2025-09-25,1.5170735571596328,1.1814833667232612,-12.426103989343718
2025-09-26,1.5215019058908619,1.170310494176932,-12.17047515087549
2025-09-29,1.524965688222601,1.1883161059482255,-11.970526432310253
2025-09-30,1.5041147159680475,1.1936251430399814,-13.174160143624894
2025-10-09,1.4714598212914065,1.2113179894848092,-15.059181695253043
2025-10-10,1.4822861589663028,1.187488152341406,-14.434225466042431
2025-10-13,1.460995636624921,1.1816096560121547,-15.663232445128896
2025-10-14,1.4378487509377311,1.1674850606973073,-16.999399007767906
2025-10-15,1.4659191593345493,1.184775633317635,-15.379019419501875
2025-10-16,1.4490130045285,1.1878965991657704,-16.35493639856846
2025-10-17,1.4170876489132571,1.1610988351292046,-18.197844911183385
2025-10-20,1.444357964376799,1.1672679768687408,-16.623651122549106
2025-10-21,1.471751590902395,1.185183051308689,-15.042339135806145
2025-10-22,1.4759180518931851,1.1812472494784458,-14.801827909558785
2025-10-23,1.4684865972439705,1.1847902941923132,-15.230812670111007
2025-10-24,1.480667830412111,1.1987667375104138,-14.527644361815165
2025-10-27,1.4938038135543905,1.2129993603228892,-13.769362592107493
2025-10-28,1.478980958201397,1.2068145288753642,-14.625019977431924
2025-10-29,1.478472207594607,1.221183472101513,-14.654387882847006
2025-10-30,1.4688358902337237,1.2114283318573862,-15.210649542346014
2025-10-31,1.4815270134454273,1.1936184556234612,-14.478047554027789
2025-11-03,1.5145557826498943,1.1968940036765359,-12.571443891982936
2025-11-04,1.5388051035111845,1.1879678458725393,-11.171638659459061
2025-11-05,1.5602210447651448,1.1901690347408715,-9.935391805446235
2025-11-06,1.549230653152987,1.2071823367839547,-10.569818137391211
2025-11-07,1.5457921894101825,1.2034247803247975,-10.76830532664296
2025-11-10,1.5553659563303317,1.2076062161079804,-10.215654425347745
2025-11-11,1.562744788157324,1.196575836975189,-9.789707345822485
2025-11-12,1.5601131991161166,1.1949662272605335,-9.941617254178519
2025-11-13,1.5937202475144576,1.209412590193315,-8.00163211122231
2025-11-14,1.5878049717012512,1.190396149694218,-8.343094624028852
2025-11-17,1.5767457659387876,1.1826575227391452,-8.981493290218598
2025-11-18,1.5494817191987822,1.1749772820744573,-10.555325213378056
2025-11-19,1.522545609334706,1.1801469122526076,-12.110226802055605
2025-11-20,1.4970677113540463,1.174142641051118,-13.580952316845945
2025-11-21,1.4291009607215062,1.145505065846618,-17.504369954696163
2025-11-24,1.4601093061886783,1.1440749875446867,-15.714396351511873
2025-11-25,1.4661428050609664,1.15496956068046,-15.366109348334891
2025-11-26,1.4425169263472706,1.1619710285683862,-16.729926043886103
2025-11-27,1.4325773406541686,1.1613992544559415,-17.30369403276756
2025-11-28,1.4423306028901774,1.1642951630173521,-16.74068166676201
2025-12-01,1.4341201221872002,1.1771103107359528,-17.21463612987073
2025-12-02,1.4214606978370452,1.171412889069392,-17.9454082841695
2025-12-03,1.42840319922595,1.1654235359509082,-17.54464861644179
2025-12-04,1.4390339315993634,1.1694146375716035,-16.930983809621576
2025-12-05,1.428660862687656,1.1791810949821486,-17.529774853007783
2025-12-08,1.4257004399660442,1.1887538745219461,-17.700666864371694
2025-12-09,1.3976109086398059,1.1827012481548518,-19.322150334136783
2025-12-10,1.3931172032192258,1.1810561436909757,-19.581551923036137
2025-12-11,1.3791371168025908,1.1708598911648684,-20.38856001324541
2025-12-12,1.3792983904070486,1.1782584887107406,-20.379250406733977
2025-12-15,1.3423135771895458,1.1708277401239078,-22.514218860569027
2025-12-16,1.3043465666101968,1.1568086002234113,-24.70588519119609
2025-12-17,1.3035246242061536,1.177981989758479,-24.753332263408723
2025-12-18,1.3258363976507952,1.171016273828101,-23.465373009071282
2025-12-19,1.3373538836800176,1.174973423949542,-22.8005198652885
2025-12-22,1.335360772069883,1.1861480969541647,-22.91557331675749
2025-12-23,1.3254550075616043,1.1884912648193795,-23.487388959354426
2025-12-24,1.3391876103050129,1.1919185657857883,-22.694666998753824
2025-12-25,1.354848537541537,1.194098920779578,-21.79063145824279
2025-12-26,1.3392666923610286,1.197880912029865,-22.690101944068676
2025-12-29,1.339625383155983,1.1932851136307812,-22.669396322888293
2025-12-30,1.3297206803245578,1.196348464813515,-23.241150679611557
2025-12-31,1.2948536232013994,1.1908591246840516,-25.25387051134994
